<?xml version="1.0" encoding="UTF-8"?>
<component type="addon">
  <id>org.cockpit_project.cockpit_nifi</id>
  <metadata_license>CC0-1.0</metadata_license>
  <name>NiFi1</name>
  <summary>Automate flow</summary>
  <description>
    <p>
      Apache NiFi is a software project from the Apache Software Foundation designed to automate the flow of data between software systems.
    </p>
  </description>
  <extends>org.cockpit_project.cockpit</extends>
  <launchable type="cockpit-manifest">nifi</launchable>
  <url type="homepage">https://cockpit-project.org/</url>
  <update_contact>cockpit-devel_AT_lists.fedorahosted.org</update_contact>
</component>
